id,spa,massage_center,cinema,minimum_age
1,true,true,true,21
2,true,false,false,16
3,false,true,true,21
4,false,true,true,21
5,false,true,false,18
6,false,true,true,18
7,true,false,true,25
8,false,true,true,18
9,false,false,false,25
10,false,true,true,0
11,true,true,true,12
12,true,true,false,3
13,true,false,true,21
14,false,true,true,21
15,false,false,true,21
16,false,false,true,16
17,true,false,true,0
18,true,false,false,3
19,true,true,false,21
20,true,false,false,18
21,false,false,false,7
22,false,true,true,18
23,true,false,false,3
24,false,true,false,21
25,false,false,true,0
26,false,true,true,18
27,false,true,false,21
28,true,false,false,16
29,false,false,false,7
30,true,true,true,0
31,true,false,true,18
32,true,false,true,25
33,false,true,true,16
34,true,false,false,21
35,true,true,true,12
36,false,true,false,12
37,false,false,false,21
38,false,false,false,25
39,false,true,false,21
40,true,true,false,18
41,true,false,true,0
42,true,false,false,18
43,false,true,false,3
44,false,false,false,25
45,true,true,false,18
46,false,true,false,0
47,false,true,true,25
48,true,false,false,3
49,false,true,false,21
50,true,true,false,21
51,true,false,false,7
52,true,true,false,18
53,true,false,true,12
54,true,true,true,12
55,true,false,true,0
56,false,false,true,18
57,true,true,false,25
58,true,true,true,0
59,true,true,true,12
60,true,false,false,18
61,true,false,false,18
62,false,false,false,25
63,false,true,true,3
64,true,true,false,0
65,false,false,false,21
66,false,true,false,16
67,false,true,true,21
68,true,false,false,18
69,true,false,false,21
70,true,true,true,12
71,false,false,true,18
72,false,true,false,0
73,true,true,true,7
74,true,false,true,18
75,false,true,false,21
76,false,true,true,21
77,false,true,true,21
78,false,true,true,21
79,true,true,true,25
80,false,true,false,18
81,false,false,false,12
82,true,false,false,18
83,true,false,false,25
84,false,false,true,12
85,false,true,true,18
86,false,false,false,0
87,false,true,true,18
88,false,false,true,3
89,false,true,false,12
90,true,false,false,18
91,false,false,true,18
92,true,true,true,21
93,true,false,true,18
94,true,false,true,18
95,false,false,false,18
96,true,true,true,18
97,true,false,true,12
98,false,false,true,7
99,false,false,true,16
100,true,false,true,18
101,true,true,true,18
102,true,true,false,18
103,false,true,false,3
104,false,false,true,12
105,true,true,false,3
106,false,true,false,12
107,false,false,true,25
108,true,false,true,12
109,false,false,true,12
110,true,true,false,7
111,false,false,true,16
112,false,false,true,18
113,true,true,false,3
114,false,true,true,21
115,true,false,true,0
116,true,false,false,18
117,true,true,false,21
118,true,true,false,0
119,false,false,false,0
120,true,true,false,18
121,true,false,true,12
122,false,true,true,21
123,true,false,true,21
124,false,false,true,25
125,true,true,true,21
126,true,false,false,25
127,true,true,true,18
128,false,false,false,16
129,true,true,false,21
130,true,true,true,7
131,false,true,false,12
132,true,true,true,25
133,true,true,true,25
134,true,true,false,12
135,true,false,false,21
136,true,true,true,18
137,true,false,true,21
138,true,true,false,18
139,false,false,false,21
140,false,false,false,18
141,true,false,true,7
142,true,true,true,12
143,false,true,true,18
144,true,false,false,7
145,false,true,true,7
146,false,true,true,12
147,false,false,false,18
148,false,true,true,0
149,false,true,true,18
150,true,true,true,25
151,false,false,true,21
152,false,true,true,3
153,true,true,false,18
154,false,false,false,18
155,true,true,true,12
156,true,true,true,0
157,false,false,false,3
158,true,true,true,0
159,false,true,false,21
160,true,true,true,18
161,true,false,false,25
162,false,false,false,18
163,false,false,false,25
164,true,false,false,25
165,false,true,true,0
166,true,true,false,12
167,true,true,false,25
168,false,true,true,12
169,true,true,true,21
170,false,false,false,12
171,false,false,true,25
172,true,true,false,21
173,false,false,true,18
174,true,false,false,3
175,true,false,true,21
176,true,false,false,18
177,true,true,false,12
178,true,true,false,18
179,true,false,false,0
180,false,true,true,3
181,true,true,false,12
182,true,false,false,16
183,false,false,true,21
184,true,true,false,21
185,true,false,true,21
186,true,false,false,25
187,false,false,true,21
188,true,true,false,18
189,false,false,true,3
190,true,true,true,3
191,false,false,true,25
192,false,true,false,25
193,false,true,false,21
194,false,false,false,21
195,false,false,true,21
196,false,false,true,18
197,true,true,true,7
198,true,false,true,7
199,true,true,false,21
200,true,true,false,18
201,false,true,true,18
202,false,false,true,21
203,true,true,true,16
204,false,false,false,21
205,true,true,true,12
206,false,false,true,18
207,false,false,false,25
208,true,true,true,18
209,true,false,false,18
210,false,false,false,21
211,true,false,false,25
212,false,false,false,18
213,true,true,true,16
214,false,false,true,0
215,true,true,false,12
216,true,false,false,25
217,true,false,true,25
218,false,true,true,3
219,true,true,true,25
220,false,true,false,18
221,false,true,false,21
222,false,true,true,12
223,false,false,false,18
224,false,true,false,21
225,false,false,true,21
226,true,true,false,7
227,false,false,true,7
228,false,true,false,16
229,true,true,true,0
230,true,false,false,12
231,true,false,true,25
232,true,true,true,25
233,false,true,true,25
234,false,true,true,18
235,true,true,false,21
236,true,false,true,21
237,true,false,false,0
238,false,true,false,7
239,false,true,false,18
240,false,false,true,21
241,false,false,true,21
242,false,false,true,18
243,false,true,true,7
244,true,true,false,25
245,false,true,false,21
246,true,true,true,3
247,true,true,true,7
248,true,true,false,18
249,false,true,true,21
250,false,true,false,7
251,false,true,false,16
252,true,true,true,3
253,false,true,true,16
254,false,false,false,16
255,true,true,true,18
256,true,true,false,18
257,false,false,false,16
258,false,false,true,3
259,true,false,true,7
260,false,false,false,18
261,false,false,true,16
262,true,false,true,12
263,true,true,false,7
264,false,false,true,7
265,false,false,false,21
266,false,true,false,25
267,true,false,true,18
268,false,false,false,18
269,true,true,false,18
270,false,false,false,18
271,true,true,false,18
272,true,true,true,18
273,true,true,false,12
274,true,false,false,0
275,true,true,true,16
276,false,false,false,3
277,false,true,true,21
278,false,false,true,3
279,false,true,true,0
280,true,false,true,18
281,true,false,true,18
282,false,true,true,21
283,false,false,false,18
284,true,true,true,0
285,false,false,true,18
286,false,false,false,18
287,false,true,true,18
288,false,false,true,25
289,false,false,true,18
290,true,false,true,25
291,true,true,false,3
292,false,false,false,18
293,false,true,true,18
294,true,false,true,18
295,false,false,true,25
296,false,false,false,3
297,true,true,true,18
298,true,false,true,0
299,true,true,true,25
300,false,true,true,18
301,false,false,true,21
302,true,false,false,18
303,false,false,true,18
304,false,true,false,12
305,true,true,false,7
306,true,false,true,18
307,true,true,false,7
308,true,true,false,3
309,true,true,false,18
310,false,true,true,3
311,true,false,true,18
312,true,false,true,18
313,false,true,false,25
314,false,false,false,21
315,true,true,true,21
316,false,false,true,0
317,true,true,true,21
318,false,true,true,12
319,true,false,false,12
320,true,false,false,21
321,false,false,false,16
322,true,false,true,18
323,false,false,false,25
324,false,true,false,18
325,true,false,false,18
326,false,false,true,7
327,false,true,true,0
328,false,true,true,0
329,false,false,false,25
330,true,true,true,18
331,false,true,true,16
332,true,true,true,3
333,true,false,false,7
334,false,true,false,12
335,true,true,false,3
336,true,true,true,16
337,true,false,false,21
338,true,false,true,25
339,false,true,true,7
340,true,true,true,12
341,false,true,false,18
342,true,true,true,16
343,false,true,true,21
344,true,false,true,18
345,false,true,true,18
346,true,false,true,3
347,false,false,true,18
348,false,false,true,0
349,true,false,true,16
350,false,false,true,16
351,true,false,false,7
352,false,true,false,16
353,false,true,true,18
354,true,true,true,25
355,false,false,true,18
356,true,true,true,12
357,true,true,false,25
358,true,false,true,18
359,false,true,false,0
360,true,true,false,18
361,false,true,true,21
362,false,false,false,18
363,false,true,true,7
364,true,true,false,0
365,false,true,true,18
366,false,false,true,25
367,true,true,true,25
368,true,false,true,12
369,true,true,true,25
370,true,true,true,18
371,true,true,true,3
372,false,false,true,12
373,true,false,true,18
374,false,false,false,21
375,false,true,false,18
376,true,true,false,25
377,true,true,false,0
378,true,false,false,0
379,true,true,true,0
380,true,false,false,18
381,true,false,true,0
382,true,false,false,18
383,false,false,true,18
384,false,true,false,12
385,false,true,true,25
386,true,true,false,18
387,false,false,false,21
388,true,true,true,0
389,false,false,false,7
390,true,true,true,25
391,true,true,false,3
392,true,true,true,18
393,false,true,true,21
394,true,true,false,0
395,true,true,true,7
396,false,true,true,18
397,true,true,false,21
398,true,true,false,3
399,true,false,false,0
400,false,false,false,12
401,true,false,true,16
402,false,true,true,12
403,true,true,true,16
404,false,true,false,3
405,true,true,false,21
406,true,true,true,12
407,true,true,false,7
408,false,true,true,18
409,false,true,true,12
410,true,true,true,16
411,true,true,false,21
412,false,true,true,16
413,false,true,false,3
414,true,true,false,7
415,true,false,true,18
416,false,true,true,18
417,true,true,true,25
418,false,false,true,18
419,true,false,true,0
420,true,false,false,0
421,true,true,false,12
422,true,false,false,18
423,true,true,true,3
424,true,true,true,18
425,false,false,true,21
426,false,true,false,21
427,true,false,true,12
428,true,false,true,12
429,false,false,true,12
430,false,false,true,21
431,false,true,true,7
432,true,false,false,18
433,false,false,false,21
434,true,true,true,21
435,false,true,false,3
436,true,true,true,12
437,true,true,true,25
438,false,false,true,7
439,false,false,true,18
440,false,true,false,0
441,true,false,false,0
442,false,true,false,18
443,true,true,false,18
444,false,true,false,0
445,false,false,true,16
446,true,false,false,3
447,true,true,false,21
448,false,true,true,18
449,false,false,true,7
450,false,false,false,25
451,false,false,false,21
452,false,true,false,21
453,true,false,true,7
454,true,true,false,3
455,true,false,false,18
456,false,false,false,18
457,true,false,false,3
458,true,false,false,0
459,true,false,false,16
460,true,true,false,12
461,false,true,false,21
462,true,false,true,21
463,false,false,true,0
464,true,true,false,18
465,false,true,true,16
466,true,false,true,21
467,false,false,false,18
468,false,true,true,3
469,true,false,false,3
470,false,true,true,18
471,true,false,true,18
472,false,false,true,0
473,false,true,true,18
474,true,true,false,18
475,true,true,false,25
476,true,false,false,18
477,true,true,true,18
478,false,false,true,16
479,false,true,true,21
480,false,false,true,12
481,true,false,true,21
482,true,false,false,25
483,true,false,true,18
484,false,true,true,25
485,false,false,false,18
486,true,false,true,12
487,false,false,false,18
488,false,true,true,25
489,true,false,true,25
490,true,false,false,18
491,false,false,false,18
492,false,false,true,16
493,false,true,false,7
494,false,false,false,18
495,true,false,true,3
496,false,false,false,21
497,true,true,true,0
498,true,true,false,25
499,false,false,false,12
500,false,false,false,12
501,true,true,false,3
502,false,false,true,21
503,true,true,true,0
504,false,true,false,21
505,false,true,true,12
506,false,false,true,18
507,false,false,true,18
508,false,false,false,0
509,false,true,false,18
510,true,false,false,21
511,true,true,false,12
512,false,false,false,16
513,false,true,true,7
514,true,false,false,16
515,false,true,true,21
516,true,false,true,7
517,true,false,true,18
518,true,true,false,25
519,true,false,true,12
520,true,true,false,3
521,false,false,true,12
522,false,false,true,12
523,false,true,true,21
524,true,false,true,7
525,true,false,true,18
526,false,true,true,7
527,false,false,true,21
528,false,false,true,7
529,false,true,false,18
530,true,true,true,18
531,true,true,true,3
532,true,false,true,21
533,true,false,true,12
534,true,true,false,18
535,false,true,true,18
536,false,true,true,25
537,false,true,false,18
538,false,false,true,25
539,true,false,true,7
540,true,false,false,16
541,false,true,true,18
542,false,false,false,25
543,false,false,true,25
544,true,true,true,3
545,false,true,true,3
546,false,false,true,12
547,false,true,true,3
548,false,true,true,3
549,false,false,true,18
550,true,true,true,16
551,false,false,true,18
552,true,true,false,18
553,true,false,true,18
554,false,false,false,21
555,true,false,false,18
556,true,false,false,7
557,true,false,true,18
558,false,true,false,18
559,true,false,false,7
560,true,false,true,18
561,false,true,false,18
562,true,false,true,0
563,false,true,false,3
564,false,true,true,16
565,false,false,true,21
566,false,true,true,21
567,true,true,false,21
568,true,false,false,0
569,false,true,false,7
570,false,true,true,16
571,true,true,true,21
572,false,false,false,18
573,false,false,true,0
574,false,false,false,18
575,true,false,true,21
576,true,false,false,18
577,true,false,false,16
578,false,false,true,18
579,true,false,false,21
580,false,false,true,21
581,true,true,true,3
582,true,true,false,7
583,true,true,true,0
584,true,true,true,3
585,false,false,true,3
586,true,true,true,18
587,true,true,true,12
588,true,true,false,18
589,false,true,true,18
590,false,false,false,25
591,true,false,true,0
592,false,false,true,25
593,true,false,false,18
594,false,true,true,18
595,false,false,false,12
596,false,true,true,12
597,true,false,false,25
598,true,true,false,16
599,true,true,false,7
600,true,false,true,21
601,false,false,true,0
602,true,false,true,18
603,false,true,true,18
604,false,true,true,18
605,true,false,true,18
606,true,true,true,0
607,true,false,false,18
608,true,true,false,18
609,true,false,true,0
610,false,false,true,25
611,true,true,false,12
612,false,false,false,18
613,true,true,true,18
614,false,false,true,18
615,false,false,false,16
616,true,true,false,21
617,false,true,false,18
618,false,false,true,3
619,false,true,false,25
620,true,true,false,16
621,false,false,false,12
622,true,true,false,7
623,true,false,true,7
624,true,true,true,18
625,true,false,true,0
626,false,true,false,18
627,false,true,false,0
628,true,true,true,18
629,true,true,false,18
630,true,true,true,18
631,true,false,false,18
632,false,true,false,25
633,true,true,false,0
634,true,false,true,25
635,true,true,false,3
636,true,false,false,3
637,false,true,true,21
638,false,true,true,25
639,true,true,true,12
640,false,false,true,16
641,true,false,true,18
642,true,false,true,12
643,true,true,false,16
644,true,true,false,12
645,true,false,true,21
646,true,true,true,21
647,false,false,false,0
648,true,true,true,21
649,false,true,true,18
650,false,true,false,21
651,false,true,false,16
652,false,false,true,18
653,true,true,false,16
654,false,false,true,18
655,true,true,true,12
656,true,false,true,3
657,false,false,true,25
658,true,true,false,7
659,true,false,true,12
660,true,false,false,18
661,true,false,true,21
662,false,false,true,18
663,true,false,false,7
664,false,true,false,0
665,true,true,false,21
666,true,false,false,18
667,true,false,false,16
668,false,true,true,18
669,false,false,true,16
670,true,true,true,3
671,false,false,false,18
672,false,false,false,16
673,true,true,false,7
674,false,true,true,12
675,false,true,true,21
676,false,true,true,21
677,false,true,false,18
678,true,true,true,12
679,true,false,false,3
680,false,false,false,21
681,false,false,false,18
682,true,true,false,3
683,false,true,true,0
684,false,false,true,18
685,true,false,true,18
686,true,true,true,21
687,true,true,false,21
688,false,false,false,25
689,false,true,true,18
690,false,true,false,21
691,false,false,true,12
692,false,false,false,12
693,true,false,false,18
694,true,false,false,18
695,true,true,true,18
696,false,true,true,16
697,true,false,true,21
698,false,false,false,18
699,true,true,false,0
700,true,true,false,18
701,true,true,true,25
702,false,false,true,3
703,true,false,true,25
704,false,true,true,18
705,false,true,false,12
706,true,false,true,18
707,false,false,true,21
708,true,true,true,3
709,false,false,true,7
710,true,true,true,21
711,false,true,false,16
712,true,false,true,7
713,true,false,false,18
714,false,false,true,12
715,false,false,false,7
716,false,false,true,7
717,false,false,false,18
718,true,true,false,12
719,false,true,false,18
720,true,true,false,18
721,false,true,true,7
722,true,false,true,7
723,false,true,false,18
724,true,true,false,25
725,false,true,false,18
726,true,true,false,18
727,true,false,true,18
728,false,false,true,18
729,false,true,true,21
730,true,true,false,16
731,false,true,true,25
732,false,true,false,0
733,false,true,false,0
734,false,true,false,12
735,false,false,false,12
736,true,true,true,0
737,false,false,true,25
738,true,false,false,7
739,false,true,false,0
740,true,true,false,12
741,true,true,true,18
742,false,false,false,25
743,true,true,false,16
744,false,false,true,21
745,true,false,false,12
746,true,true,false,3
747,true,false,false,25
748,true,true,false,12
749,true,false,true,21
750,true,false,true,0
751,false,false,false,3
752,false,true,true,7
753,false,true,false,18
754,true,true,true,21
755,true,false,false,18
756,false,true,false,0
757,false,true,false,0
758,true,true,false,18
759,false,true,true,18
760,false,false,true,18
761,true,false,true,12
762,false,false,false,21
763,true,true,false,7
764,false,false,true,3
765,true,false,true,18
766,true,true,false,12
767,false,false,true,25
768,false,false,true,25
769,true,false,false,16
770,true,true,false,25
771,true,false,true,18
772,false,false,false,21
773,false,false,false,18
774,false,false,false,25
775,true,false,true,21
776,false,false,true,18
777,true,false,true,21
778,false,true,false,25
779,false,false,false,0
780,true,false,false,7
781,true,false,false,25
782,true,true,false,18
783,true,true,true,12
784,false,true,false,12
785,true,true,true,21
786,false,true,false,7
787,false,true,false,3
788,false,false,false,3
789,false,false,false,18
790,true,false,false,25
791,false,true,false,12
792,true,false,false,21
793,true,false,true,21
794,true,true,false,21
795,false,true,true,18
796,false,false,false,21
797,false,false,true,3
798,true,true,true,12
799,false,true,false,18
800,false,false,false,21
801,true,true,false,3
802,false,false,true,7
803,false,true,false,3
804,true,false,false,7
805,true,true,false,16
806,true,true,true,21
807,false,false,true,21
808,true,false,false,18
809,false,false,false,12
810,true,false,true,18
811,false,true,false,18
812,false,false,true,3
813,true,true,true,7
814,false,true,false,18
815,true,true,false,21
816,false,true,true,25
817,false,true,true,0
818,true,false,false,18
819,true,false,true,3
820,false,false,false,21
821,true,true,false,18
822,false,true,true,0
823,false,false,true,16
824,false,false,true,25
825,true,true,true,7
826,false,false,true,16
827,true,false,false,25
828,false,false,false,16
829,false,false,true,21
830,false,true,true,18
831,false,false,true,3
832,false,true,true,3
833,true,true,false,21
834,false,false,false,0
835,false,true,false,7
836,true,false,false,25
837,true,false,true,3
838,false,false,true,12
839,true,true,false,18
840,true,true,false,21
841,true,true,false,0
842,false,true,false,7
843,true,false,false,12
844,true,false,false,7
845,false,true,false,16
846,true,true,true,21
847,false,true,false,3
848,true,true,true,21
849,true,true,true,3
850,true,false,true,25
851,true,true,true,18
852,true,true,false,21
853,true,true,true,0
854,false,true,false,18
855,true,true,false,16
856,false,false,true,18
857,false,true,true,7
858,false,false,false,0
859,false,false,true,21
860,true,true,false,12
861,true,false,true,0
862,false,false,true,18
863,true,true,true,3
864,false,false,true,21
865,false,true,false,0
866,false,false,false,7
867,true,true,false,18
868,true,true,false,21
869,true,false,true,18
870,true,true,false,18
871,true,false,false,21
872,true,true,false,7
873,true,false,false,21
874,true,false,false,18
875,true,false,false,18
876,true,true,false,21
877,false,true,false,12
878,true,true,false,16
879,true,false,true,12
880,true,true,true,21
881,false,true,false,7
882,true,false,false,3
883,true,false,false,3
884,true,false,false,16
885,true,true,false,3
886,true,false,true,18
887,false,true,true,21
888,false,false,false,18
889,false,true,false,12
890,true,false,true,7
891,false,true,true,12
892,true,true,true,16
893,false,true,false,12
894,true,false,true,7
895,true,true,false,16
896,false,true,true,12
897,false,false,true,18
898,false,true,false,21
899,true,true,false,18
900,false,true,false,18
901,false,true,false,21
902,true,false,false,18
903,true,false,false,12
904,false,true,false,21
905,false,true,false,12
906,false,false,true,21
907,false,true,true,25
908,true,false,true,18
909,false,true,false,12
910,true,true,true,21
911,false,false,false,25
912,true,true,true,3
913,false,true,false,21
914,false,false,false,18
915,false,true,false,12
916,false,true,false,3
917,true,false,false,18
918,false,true,true,25
919,false,true,false,16
920,true,false,true,0
921,false,false,false,16
922,true,true,true,3
923,false,true,false,18
924,false,false,false,21
925,true,false,false,3
926,true,true,true,18
927,true,true,false,0
928,false,false,false,16
929,false,true,true,16
930,false,false,false,21
931,true,false,false,21
932,true,false,false,21
933,true,true,false,3
934,true,true,false,18
935,false,true,true,16
936,true,false,false,18
937,false,true,false,21
938,false,true,true,21
939,false,true,true,18
940,true,true,false,12
941,false,false,true,18
942,true,false,true,21
943,true,true,true,21
944,false,true,false,18
945,true,false,false,7
946,false,true,false,21
947,true,false,true,3
948,true,false,true,18
949,true,false,true,0
950,false,false,false,25
951,false,false,false,18
952,true,false,false,18
953,false,true,true,12
954,false,false,true,3
955,false,true,false,18
956,false,true,true,7
957,true,true,true,21
958,true,true,true,0
959,false,false,true,25
960,false,true,true,21
961,false,true,false,3
962,false,false,false,21
963,true,true,false,21
964,false,true,true,21
965,false,true,true,18
966,false,false,true,25
967,false,false,false,7
968,true,false,true,25
969,false,true,false,18
970,true,false,false,12
971,true,false,false,0
972,true,false,true,7
973,false,false,false,12
974,false,false,false,21
975,false,false,true,25
976,false,true,false,7
977,false,false,false,3
978,false,true,false,25
979,true,false,true,7
980,true,false,true,12
981,false,false,false,18
982,false,true,true,21
983,true,true,false,25
984,false,true,false,16
985,false,false,false,18
986,false,true,false,16
987,false,true,false,21
988,false,true,false,3
989,false,false,true,18
990,false,true,true,21
991,false,false,true,18
992,true,false,true,3
993,false,false,true,3
994,true,true,true,16
995,false,true,false,21
996,false,false,true,18
997,false,false,false,25
998,true,false,true,21
999,false,false,false,18
1000,false,false,false,0
1001,true,false,true,21
1002,false,true,true,21
1003,true,false,true,0
1004,false,true,true,16
1005,true,true,true,21
1006,true,true,true,18
1007,true,true,true,18
1008,false,false,true,18
1009,false,true,true,0
1010,true,false,false,0
1011,false,true,true,7
1012,false,false,false,12
1013,true,false,false,25
1014,false,true,false,21
1015,true,false,true,21
1016,false,false,false,18
1017,true,true,true,7
1018,false,false,true,18
1019,true,false,false,25
1020,false,false,false,0
1021,false,false,false,21
1022,true,false,false,21
1023,false,true,false,21
1024,false,true,true,3
1025,false,true,true,21
1026,true,true,false,16
1027,true,true,true,25
1028,true,false,false,7
1029,true,false,false,18
1030,false,false,false,25
1031,false,true,true,25
1032,true,true,false,21
1033,false,true,false,12
1034,false,true,false,12
1035,false,false,false,18
1036,false,false,false,18
1037,false,true,false,18
1038,true,true,true,16
1039,true,false,true,16
1040,false,true,false,25
1041,true,false,true,3
1042,false,true,false,18
1043,false,false,true,18
1044,true,true,false,16
1045,false,false,false,18
1046,false,true,true,16
1047,true,true,false,21
1048,false,false,true,18
1049,false,false,true,25
1050,true,false,false,7
1051,false,true,false,18
1052,false,false,true,25
1053,true,false,false,25
1054,false,false,true,25
1055,true,false,true,18
1056,false,true,false,21
1057,true,true,true,25
1058,false,false,false,18
1059,true,true,false,18
1060,true,true,true,16
1061,true,true,true,21
1062,false,true,false,3
1063,true,false,false,21
1064,true,true,true,21
1065,true,true,true,21
1066,true,false,false,21
1067,false,false,false,21
1068,false,false,true,18
1069,false,true,true,25
1070,false,false,false,3
1071,true,false,true,25
1072,true,false,false,21
1073,true,true,false,21
1074,false,true,true,21
1075,true,true,true,18
1076,true,false,true,25
1077,false,false,false,7
1078,false,true,false,12
1079,true,true,false,18
1080,false,true,true,21
1081,false,true,true,3
1082,false,false,true,18
1083,false,false,false,3
1084,false,false,false,25
1085,true,true,true,18
1086,false,false,false,21
1087,false,false,false,7
1088,false,true,true,7
1089,true,false,true,18
1090,false,true,false,25
1091,true,true,true,7
1092,true,true,true,18
1093,false,false,false,12
1094,false,false,false,18
1095,false,true,false,0
1096,true,false,false,18
1097,true,false,false,18
1098,true,true,true,18
1099,true,false,false,18
1100,false,false,false,7
1101,false,true,false,16
1102,true,true,true,7
1103,false,true,false,16
1104,false,false,false,12
1105,true,false,true,7
1106,true,true,true,18
1107,true,true,false,18
1108,false,false,true,18
1109,false,true,false,18
1110,true,true,true,18
1111,true,true,false,18
1112,false,false,true,7
1113,false,true,true,21
1114,false,false,true,18
1115,false,true,false,3
1116,true,true,false,21
1117,true,true,false,3
1118,false,true,false,3
1119,false,true,true,12
1120,false,true,false,21
1121,true,true,true,3
1122,false,false,true,18
1123,false,false,false,3
1124,false,false,true,0
1125,true,false,true,21
1126,true,false,false,18
1127,false,true,true,7
1128,true,false,true,18
1129,true,false,false,21
1130,false,false,true,16
1131,true,false,false,18
1132,true,false,true,18
1133,true,true,false,25
1134,true,true,false,18
1135,true,false,false,18
1136,true,true,false,21
1137,true,false,true,12
1138,false,true,true,0
1139,false,true,false,25
1140,false,false,true,18
1141,false,true,true,0
1142,true,false,false,21
1143,true,true,true,12
1144,false,true,true,18
1145,false,false,true,3
1146,true,true,true,12
1147,true,true,true,3
1148,true,false,false,18
1149,false,true,true,18
1150,false,true,false,0
1151,false,false,false,18
1152,true,false,false,21
1153,false,true,false,21
1154,false,true,false,18
1155,true,true,false,7
1156,false,false,true,18
1157,true,false,true,18
1158,false,true,true,16
1159,true,true,true,21
1160,true,true,false,18
1161,false,true,true,18
1162,false,true,true,18
1163,false,false,true,21
1164,true,true,false,18
1165,true,false,false,18
1166,true,true,true,25
1167,false,false,false,0
1168,true,false,true,16
1169,true,false,true,16
1170,false,true,false,18
1171,true,false,false,21
1172,true,false,false,7
1173,false,false,false,18
1174,false,true,false,12
1175,true,true,false,21
1176,false,false,false,18
1177,true,false,false,7
1178,true,false,false,0
1179,true,false,true,7
1180,false,true,false,7
1181,true,false,true,21
1182,true,false,false,18
1183,true,true,false,16
1184,false,true,false,7
1185,true,true,true,21
1186,false,true,true,25
1187,true,true,false,16
1188,false,false,false,18
1189,false,true,true,21
1190,false,false,false,7
1191,true,true,true,3
1192,true,false,true,12
1193,false,true,true,25
1194,true,true,false,16
1195,true,true,false,25
1196,false,false,true,3
1197,false,false,true,18
1198,false,false,false,12
1199,false,false,true,12
1200,true,true,false,12
1201,false,false,false,16
1202,true,true,true,21
1203,false,true,false,7
1204,true,true,false,18
1205,false,false,true,21
1206,true,true,true,0
1207,false,true,false,18
1208,true,false,false,18
1209,false,false,false,0
1210,false,false,false,21
1211,false,false,true,7
1212,true,true,false,21
1213,false,true,false,21
1214,true,true,true,18
1215,false,false,true,25
1216,true,true,false,7
1217,true,false,false,21
1218,false,false,false,7
1219,false,false,false,25
1220,false,true,true,18
1221,true,false,false,16
1222,false,true,true,18
1223,false,true,true,21
1224,false,false,true,18
1225,false,false,true,3
1226,false,true,true,7
1227,true,true,true,0
1228,false,true,true,0
1229,false,true,false,25
1230,false,false,false,21
1231,true,true,false,18
1232,true,false,true,18
1233,true,false,false,18
1234,false,false,false,18
1235,false,true,false,18
1236,false,false,true,25
1237,false,true,true,18
1238,false,true,true,0
1239,false,false,true,21
1240,false,true,true,18
1241,false,true,false,18
1242,true,true,true,3
1243,true,false,true,21
1244,true,false,true,25
1245,false,false,false,12
1246,false,true,false,3
1247,true,false,false,18
1248,true,false,true,7
1249,true,false,true,3
1250,true,false,true,25
1251,false,true,false,21
1252,false,false,true,16
1253,true,true,true,12
1254,false,false,true,3
1255,true,true,true,12
1256,true,false,false,21
1257,false,false,true,18
1258,true,false,false,7
1259,true,true,true,7
1260,false,true,true,18
1261,false,false,false,18
1262,true,false,false,18
1263,false,true,false,0
1264,false,false,true,0
1265,true,false,true,7
1266,true,false,false,18
1267,true,false,false,12
1268,false,true,true,21
1269,true,true,false,3
1270,true,true,false,12
1271,false,false,false,25
1272,true,false,false,12
1273,true,true,true,3
1274,true,true,false,25
1275,true,true,true,12
1276,false,false,false,12
1277,false,true,true,25
1278,false,true,false,3
1279,false,false,true,21
1280,true,false,false,18
1281,true,true,true,12
1282,true,false,false,0
1283,false,false,false,25
1284,true,true,true,18
1285,false,false,true,18
1286,true,true,true,21
1287,true,false,false,7
1288,false,true,false,16
1289,true,false,false,21
1290,true,false,true,21
1291,false,true,false,7
1292,false,true,false,25
1293,true,true,true,0
1294,false,false,true,16
1295,true,false,true,18
1296,true,false,true,3
1297,false,false,true,21
1298,false,false,false,7
1299,false,false,false,7
1300,true,false,true,18
1301,true,false,true,21
1302,true,true,true,7
1303,false,false,true,3
1304,true,false,false,25
1305,true,true,false,12
1306,true,true,false,25
1307,true,true,false,21
1308,true,false,true,18
1309,true,false,false,21
1310,true,false,true,21
1311,false,false,false,16
1312,true,true,true,0
1313,true,true,false,7
1314,false,true,true,0
1315,true,true,true,25
1316,false,false,false,18
1317,false,false,true,3
1318,false,true,true,12
1319,true,true,true,18
1320,true,true,false,12
1321,false,false,true,18
1322,true,true,true,21
1323,false,false,false,21
1324,true,false,false,12
1325,true,true,false,0
1326,false,true,false,7
1327,false,false,false,18
1328,false,true,false,0
1329,true,false,false,21
1330,false,true,true,18
1331,true,false,false,16
1332,true,false,false,0
1333,true,false,true,12
1334,false,true,false,18
1335,true,false,false,18
1336,false,true,true,21
1337,true,true,true,12
1338,false,true,true,3
1339,false,true,false,0
1340,false,false,true,21
1341,false,false,true,7
1342,false,true,true,16
1343,true,true,false,21
1344,true,true,false,12
1345,false,false,true,7
1346,false,false,false,21
1347,true,true,true,21
1348,true,true,true,18
1349,true,false,true,21
1350,true,false,true,21
1351,true,false,false,21
1352,true,false,true,18
1353,true,false,true,21
1354,true,true,true,18
1355,false,false,false,21
1356,true,false,false,21
1357,true,false,true,25
1358,false,true,false,18
1359,true,false,false,12
1360,true,true,true,21
1361,false,true,true,7
1362,false,false,false,18
1363,true,true,true,16
1364,false,true,true,12
1365,true,true,false,21
1366,false,true,true,0
1367,false,true,true,18
1368,false,false,true,25
1369,true,true,false,0
1370,false,false,true,21
1371,true,false,true,21
1372,true,true,false,21
1373,false,false,false,7
1374,true,false,false,7
1375,true,false,false,16
1376,true,false,false,16
1377,true,true,true,25
1378,true,true,false,18
1379,false,true,true,21
1380,false,false,false,18
1381,true,false,false,18
1382,false,false,true,25
1383,true,true,false,18
1384,false,false,true,18
1385,true,false,true,0
1386,true,false,false,18
1387,false,true,true,3
1388,false,false,false,16
1389,false,true,true,18
1390,true,true,false,0
1391,false,false,false,16
1392,false,true,true,16
1393,false,true,false,18
1394,false,false,true,3
1395,false,true,true,3
1396,true,true,false,7
1397,false,true,true,25
1398,false,true,false,18
1399,true,false,false,16
1400,false,true,false,12
1401,false,true,true,18
1402,false,false,true,25
1403,false,true,false,3
1404,false,false,true,21
1405,false,true,true,3
1406,true,false,false,3
1407,false,false,false,18
1408,false,true,false,18
1409,false,false,true,25
1410,false,false,false,21
1411,true,true,false,16
1412,true,true,true,25
1413,true,false,false,18
1414,false,true,true,18
1415,true,false,false,3
1416,false,true,true,3
1417,false,false,false,18
1418,false,true,false,0
1419,true,false,true,25
1420,false,true,true,0
1421,false,false,true,16
1422,false,false,false,18
1423,true,false,true,7
1424,false,false,true,7
1425,true,true,false,16
1426,false,true,false,0
1427,false,false,true,18
1428,true,false,false,12
1429,false,true,false,12
1430,false,false,false,0
1431,true,false,false,18
1432,true,true,false,0
1433,true,true,true,16
1434,false,true,false,18
1435,true,true,true,18
1436,true,false,true,0
1437,false,true,false,3
1438,true,false,false,0
1439,true,true,false,3
1440,true,false,false,21
1441,false,false,false,21
1442,false,false,true,18
1443,false,false,false,21
1444,true,true,false,21
1445,false,false,false,18
1446,false,true,false,16
1447,true,true,false,7
1448,false,false,false,18
1449,false,false,true,21
1450,false,false,false,0
1451,false,false,true,3
1452,true,true,false,0
1453,true,true,true,25
1454,true,true,false,18
1455,false,false,false,12
1456,false,false,true,16
1457,true,false,false,18
1458,false,true,false,3
1459,true,false,false,18
1460,true,true,true,16
1461,true,false,true,18
1462,true,false,false,25
1463,true,false,true,18
1464,false,false,true,21
1465,false,false,true,16
1466,true,false,false,7
1467,true,true,true,7
1468,false,false,false,16
1469,false,true,false,0
1470,false,true,true,7
1471,true,true,true,18
1472,true,false,false,25
1473,true,false,true,25
1474,false,false,false,21
1475,false,false,false,21
1476,true,true,true,16
1477,true,false,false,18
1478,false,true,false,12
1479,true,false,true,21
1480,false,true,true,7
1481,true,false,false,18
1482,false,false,true,21
1483,false,true,true,21
1484,false,true,true,21
1485,true,false,true,21
1486,false,false,true,18
1487,true,false,false,25
1488,true,false,true,18
1489,false,false,true,18
1490,false,false,true,7
1491,true,false,true,7
1492,false,true,true,18
1493,false,false,false,16
1494,true,false,true,18
1495,false,true,true,12
1496,false,false,false,25
1497,false,true,false,25
1498,true,true,true,3
1499,true,true,false,16
1500,true,false,true,21
1501,true,false,true,16
1502,true,false,true,7
1503,false,true,false,18
1504,false,false,false,3
1505,false,false,false,21
1506,true,false,true,18
1507,false,false,true,0
1508,true,true,true,18
1509,false,false,false,12
1510,false,false,false,18
1511,false,false,false,18
1512,true,true,false,21
1513,true,true,true,0
1514,false,false,true,25
1515,false,true,true,18
1516,true,true,true,16
1517,false,false,false,16
1518,true,false,true,12
1519,true,false,true,12
1520,false,true,true,16
1521,true,false,true,7
1522,true,false,true,18
1523,false,false,true,18
1524,false,false,false,7
1525,false,true,true,16
1526,true,true,false,0
1527,false,true,true,21
1528,false,false,true,12
1529,true,false,true,21
1530,true,false,true,16
1531,false,true,true,21
1532,false,false,true,12
1533,true,true,true,12
1534,false,false,true,21
1535,true,false,false,18
1536,true,true,false,12
1537,true,false,true,18
1538,true,true,false,18
1539,false,false,false,7
1540,false,false,false,12
1541,true,true,true,21
1542,true,false,false,0
1543,true,false,true,25
1544,true,true,false,18
1545,false,false,false,12
1546,true,true,false,18
1547,false,false,true,18
1548,false,true,true,18
1549,true,true,true,18
1550,false,true,true,7
1551,true,false,false,7
1552,false,true,true,3
1553,false,true,false,18
1554,false,false,false,21
1555,false,true,true,18
1556,true,false,false,25
1557,false,true,false,18
1558,false,false,false,18
1559,false,true,true,25
1560,false,false,false,7
1561,true,false,true,18
1562,false,true,true,7
1563,false,false,true,16
1564,true,true,true,3
1565,true,true,true,3
1566,false,false,false,7
1567,false,true,true,3
1568,true,true,true,3
1569,false,true,true,12
1570,false,true,false,21
1571,false,false,false,18
1572,true,false,false,12
1573,true,true,true,18
1574,true,true,true,25
1575,true,false,false,18
1576,false,false,false,16
1577,true,true,false,0
1578,false,true,true,25
1579,false,true,false,25
1580,true,true,false,3
1581,false,false,false,21
1582,true,true,false,3
1583,true,true,false,7
1584,false,true,false,21
1585,false,true,true,18
1586,true,true,false,25
1587,true,false,false,21
1588,false,true,false,25
1589,false,true,false,18
1590,false,false,true,21
1591,true,false,false,25
1592,false,false,true,0
1593,true,false,true,0
1594,true,true,true,0
1595,true,true,true,18
1596,true,true,false,18
1597,false,true,false,3
1598,false,false,false,18
1599,true,false,true,21
1600,false,false,false,3
1601,false,false,true,7
1602,true,true,false,18
1603,true,true,true,21
1604,false,true,true,21
1605,true,true,false,3
1606,false,true,true,0
1607,false,true,false,16
1608,true,true,false,16
1609,true,false,false,0
1610,true,false,false,7
1611,false,true,false,0
1612,false,true,true,7
1613,false,false,true,16
1614,true,true,false,3
1615,false,true,true,7
1616,false,true,true,16
1617,true,true,true,18
1618,false,true,false,12
1619,true,false,true,3
1620,true,true,false,18
1621,false,false,false,7
1622,true,false,false,7
1623,true,true,false,18
1624,false,true,true,18
1625,false,true,true,16
1626,false,false,false,0
1627,true,true,false,21
1628,true,false,true,25
1629,false,false,false,12
1630,false,true,false,18
1631,false,false,true,18
1632,false,false,true,21
1633,false,false,false,18
1634,true,false,true,18
1635,false,true,false,3
1636,true,false,true,16
1637,false,false,true,3
1638,false,false,true,7
1639,false,false,true,18
1640,false,false,true,7
1641,false,true,false,0
1642,false,true,false,3
1643,false,true,false,3
1644,true,true,true,3
1645,true,false,true,18
1646,true,false,true,16
1647,true,true,false,16
1648,true,true,true,18
1649,true,true,true,16
1650,false,true,true,25
1651,true,false,false,18
1652,false,false,false,3
1653,false,false,true,21
1654,false,true,true,0
1655,true,false,true,21
1656,true,false,true,0
1657,false,false,false,18
1658,true,true,true,25
1659,true,true,false,16
1660,true,true,false,18
1661,false,true,false,21
1662,false,false,false,18
1663,false,false,true,21
1664,false,true,true,3
1665,true,false,false,18
1666,false,true,true,3
1667,true,false,false,18
1668,false,true,false,7
1669,true,false,true,16
1670,true,false,false,0
1671,false,false,false,21
1672,false,true,false,0
1673,true,false,true,3
1674,true,false,false,7
1675,false,true,false,18
1676,false,false,false,25
1677,true,true,true,18
1678,true,true,true,0
1679,true,true,false,7
1680,true,false,true,25
1681,false,false,false,25
1682,false,true,true,16
1683,false,false,true,25
1684,false,true,false,0
1685,false,true,false,12
1686,false,true,false,21
1687,false,true,true,3
1688,true,true,false,0
1689,false,true,true,18
1690,true,true,true,16
1691,false,false,false,0
1692,true,true,true,25
1693,true,false,true,21
1694,false,false,true,21
1695,true,true,true,18
1696,false,false,true,18
1697,true,false,true,7
1698,false,true,true,25
1699,false,true,true,21
1700,false,false,true,18
1701,false,false,false,16
1702,true,false,true,25
1703,true,true,true,16
1704,false,false,false,21
1705,true,false,true,21
1706,false,true,true,21
1707,true,true,true,18
1708,false,true,true,25
1709,false,false,true,7
1710,true,true,true,18
1711,true,false,false,0
1712,true,false,true,18
1713,true,true,true,25
1714,true,true,true,25
1715,true,false,true,12
1716,false,false,true,25
1717,true,false,true,21
1718,true,false,false,25
1719,true,true,false,18
1720,true,false,true,12
1721,false,true,true,3
1722,true,false,true,21
1723,true,false,false,25
1724,true,true,true,3
1725,false,false,false,21
1726,false,false,true,18
1727,false,false,false,18
1728,false,true,true,21
1729,true,true,false,0
1730,false,true,false,18
1731,false,false,false,18
1732,true,true,false,25
1733,false,false,true,25
1734,true,false,true,18
1735,false,true,false,25
1736,false,false,false,7
1737,false,true,false,7
1738,true,false,false,18
1739,true,true,false,16
1740,false,true,true,18
1741,true,true,false,21
1742,true,false,true,18
1743,false,true,false,18
1744,false,true,false,7
1745,false,false,true,7
1746,true,false,false,12
1747,false,true,false,21
1748,false,false,false,21
1749,false,false,false,21
1750,false,true,false,12
1751,false,false,false,18
1752,true,false,true,18
1753,false,true,false,21
1754,true,false,true,18
1755,true,true,false,18
1756,false,true,false,18
1757,false,true,false,18
1758,true,true,true,0
1759,true,false,false,18
1760,false,false,true,21
1761,false,false,false,0
1762,true,true,true,18
1763,true,true,true,7
1764,true,false,false,18
1765,true,true,true,18
1766,false,true,false,21
1767,true,false,true,21
1768,false,true,false,3
1769,false,false,false,21
1770,true,true,false,21
1771,true,false,false,21
1772,true,false,true,18
1773,true,true,false,7
1774,false,false,true,16
1775,false,false,true,18
1776,false,false,true,3
1777,false,true,false,18
1778,false,false,false,25
1779,false,true,true,18
1780,false,true,true,18
1781,false,true,true,0
1782,false,false,false,12
1783,false,false,true,7
1784,true,false,true,18
1785,true,false,true,0
1786,true,false,false,18
1787,false,false,false,18
1788,false,true,true,12
1789,false,false,true,3
1790,true,false,true,18
1791,true,true,true,25
1792,true,false,true,18
1793,false,false,false,18
1794,true,false,true,0
1795,false,false,true,21
1796,true,true,true,16
1797,true,true,false,3
1798,false,false,true,3
1799,false,true,true,12
1800,false,true,true,21
1801,false,false,true,18
1802,true,true,true,12
1803,false,false,true,0
1804,false,false,true,16
1805,false,false,false,18
1806,true,false,false,21
1807,true,true,false,25
1808,false,true,true,18
1809,true,false,true,21
1810,true,false,false,18
1811,true,false,false,18
1812,false,false,true,18
1813,false,true,false,21
1814,false,true,false,25
1815,true,true,false,18
1816,false,true,true,18
1817,false,true,true,18
1818,true,true,false,16
1819,false,false,true,12
1820,true,false,true,3
1821,true,true,true,21
1822,true,true,true,7
1823,true,true,false,25
1824,true,true,true,21
1825,false,false,false,18
1826,true,true,true,18
1827,false,true,false,25
1828,false,true,true,21
1829,false,false,false,3
1830,false,false,true,18
1831,false,false,true,18
1832,true,true,false,21
1833,true,true,false,18
1834,true,false,false,3
1835,true,false,false,18
1836,false,false,false,21
1837,true,false,false,18
1838,true,false,true,12
1839,true,false,false,0
1840,true,false,false,18
1841,false,true,true,21
1842,true,false,true,18
1843,false,true,false,18
1844,true,false,true,18
1845,true,false,false,25
1846,true,true,true,21
1847,true,false,true,21
1848,false,true,true,18
1849,true,true,true,21
1850,true,true,false,0
1851,false,true,false,0
1852,true,true,true,18
1853,true,false,false,16
1854,false,false,true,7
1855,true,true,true,21
1856,true,true,false,21
1857,false,true,false,12
1858,false,true,false,21
1859,false,true,false,3
1860,true,true,false,18
1861,true,true,true,3
1862,true,true,true,0
1863,true,false,false,18
1864,true,true,true,18
1865,true,false,true,21
1866,false,false,true,18
1867,true,true,false,18
1868,false,false,false,0
1869,true,true,false,16
1870,true,true,false,7
1871,true,false,true,12
1872,true,true,false,18
1873,false,true,true,21
1874,false,false,false,12
1875,true,true,true,21
1876,false,false,true,18
1877,false,false,false,21
1878,false,true,true,18
1879,true,true,true,18
1880,false,true,false,18
1881,true,false,false,18
1882,false,false,true,18
1883,false,false,true,18
1884,false,false,true,0
1885,true,false,true,18
1886,false,true,true,12
1887,false,false,true,25
1888,false,true,false,21
1889,true,true,false,18
1890,true,false,false,18
1891,true,true,false,25
1892,false,true,true,21
1893,false,true,false,25
1894,false,false,false,21
1895,false,true,true,16
1896,false,true,false,18
1897,false,false,false,7
1898,true,false,false,18
1899,true,false,true,3
1900,true,false,false,21
1901,false,true,true,18
1902,false,true,true,12
1903,false,true,true,21
1904,true,false,true,7
1905,true,false,true,21
1906,true,false,false,0
1907,false,false,false,21
1908,false,true,true,25
1909,true,true,false,21
1910,false,true,false,7
1911,false,false,true,7
1912,false,true,true,18
1913,true,true,false,12
1914,true,false,false,18
1915,true,false,false,3
1916,false,false,true,0
1917,false,true,false,0
1918,false,true,true,18
1919,true,false,true,18
1920,true,false,true,18
1921,false,true,true,0
1922,true,false,true,18
1923,true,false,true,18
1924,false,true,true,3
1925,false,false,true,18
1926,false,false,true,25
1927,false,false,true,21
1928,false,false,false,18
1929,false,true,true,18
1930,false,true,false,3
1931,false,false,false,25
1932,true,false,false,21
1933,false,false,true,18
1934,false,false,false,7
1935,false,true,false,7
1936,true,false,false,18
1937,false,true,true,0
1938,true,true,true,12
1939,true,false,true,12
1940,false,true,true,3
1941,false,true,false,3
1942,false,false,true,3
1943,false,true,false,18
1944,true,false,true,25
1945,false,false,true,25
1946,false,false,true,12
1947,true,false,true,3
1948,true,false,false,18
1949,true,true,false,0
1950,true,false,true,18
1951,true,false,false,7
1952,false,true,true,18
1953,true,false,false,25
1954,false,true,true,0
1955,true,false,false,18
1956,true,true,true,0
1957,true,false,true,21
1958,true,false,true,18
1959,false,true,false,7
1960,false,false,true,3
1961,false,true,true,12
1962,false,true,true,18
1963,true,false,true,7
1964,false,false,false,18
1965,true,true,true,21
1966,false,true,false,18
1967,true,true,true,25
1968,false,true,false,0
1969,true,true,false,7
1970,true,false,true,21
1971,false,true,true,18
1972,true,false,true,21
1973,true,false,true,18
1974,true,true,true,25
1975,false,false,false,21
1976,true,true,false,18
1977,true,true,false,21
1978,true,true,true,7
1979,false,true,false,25
1980,true,true,true,7
1981,true,true,false,16
1982,true,false,false,16
1983,true,true,true,18
1984,true,true,false,18
1985,false,true,false,3
1986,true,true,true,21
1987,false,false,false,0
1988,true,false,true,25
1989,true,true,true,3
1990,true,false,true,21
1991,false,false,true,18
1992,false,false,false,16
1993,true,false,true,18
1994,false,true,false,18
1995,false,true,false,16
1996,true,true,true,18
1997,false,false,false,0
1998,false,false,true,12
1999,true,true,false,3
2000,false,false,true,7
2001,true,false,false,3
2002,true,true,true,7
2003,true,false,true,25
2004,true,true,true,0
2005,false,true,true,21
2006,false,true,false,16
2007,false,false,true,3
2008,false,false,true,21
2009,false,false,false,7
2010,true,false,false,3
2011,true,false,false,0
2012,false,true,false,7
2013,true,false,true,12
2014,false,true,false,21
2015,false,true,true,18
2016,true,false,true,21
2017,false,true,false,7
2018,false,false,true,18
2019,true,false,true,3
2020,false,false,false,18
2021,false,false,true,12
2022,false,true,true,18
2023,true,false,true,0
2024,false,true,false,18
2025,true,true,true,18
2026,false,false,false,21
2027,true,true,true,21
2028,false,false,false,7
2029,true,false,true,12
2030,false,false,false,25
2031,false,true,true,21
2032,true,false,false,18
2033,false,false,true,18
2034,true,true,true,21
2035,false,true,true,18
2036,false,false,true,12
2037,true,false,false,0
2038,false,false,true,21
2039,false,true,false,18
2040,true,false,true,16
2041,false,false,true,3
2042,false,false,false,7
2043,true,false,true,0
2044,false,true,true,12
2045,true,true,false,21
2046,false,true,true,3
2047,true,false,true,16
2048,true,false,true,25
2049,false,true,true,7
2050,false,true,false,3
2051,true,true,true,0
2052,false,false,false,21
2053,false,true,true,18
2054,true,false,false,7
2055,true,true,true,3
2056,false,true,false,21
2057,false,false,true,3
2058,true,true,true,21
2059,true,false,false,21
2060,true,false,true,18
2061,false,true,false,18
2062,true,false,false,0
2063,true,false,true,0
2064,true,false,true,7
2065,false,true,false,21
2066,true,false,true,18
2067,false,false,true,18
2068,true,false,false,18
2069,true,false,false,7
2070,true,false,true,0
2071,true,false,true,18
2072,false,false,false,3
2073,false,true,false,21
2074,false,false,false,21
2075,false,false,true,21
2076,true,true,false,12
2077,false,true,true,12
2078,false,false,false,3
2079,false,true,false,3
2080,true,false,false,12
2081,false,false,true,25
2082,false,false,true,7
2083,true,true,true,18
2084,false,true,false,18
2085,false,false,true,12
2086,true,false,false,25
2087,true,false,false,21
2088,true,false,false,18
2089,true,true,false,16
2090,true,false,true,7
2091,false,false,true,12
2092,false,false,true,25
2093,true,true,false,25
2094,false,true,false,21
2095,false,true,true,0
2096,false,false,false,18
2097,true,true,true,18
2098,true,true,false,12
2099,false,false,false,16
2100,true,true,true,7
2101,true,false,true,18
2102,false,false,false,3
2103,true,false,false,0
2104,false,false,true,12
2105,true,false,false,3
2106,false,false,true,3
2107,true,false,true,3
2108,true,false,true,0
2109,false,false,true,25
2110,true,true,false,16
2111,true,false,true,3
2112,false,true,true,12
2113,true,true,false,18
2114,false,true,true,12
2115,false,true,false,0
2116,false,true,true,12
2117,true,true,false,21
2118,false,true,true,21
2119,true,true,false,16
2120,true,false,true,12
2121,true,false,false,21
2122,true,false,true,12
2123,false,false,false,0
2124,true,false,false,7
2125,false,false,false,3
2126,false,false,true,18
2127,false,true,true,16
2128,false,false,true,16
2129,false,true,true,0
2130,true,false,false,18
2131,false,false,false,3
2132,true,false,false,18
2133,true,true,true,25
2134,true,true,false,18
2135,true,false,true,18
2136,true,true,true,3
2137,true,true,false,21
2138,true,true,true,3
2139,true,true,true,18
2140,false,false,false,12
2141,true,false,false,16
2142,false,false,false,16
2143,true,true,true,3
2144,true,false,true,12
2145,true,false,false,18
2146,false,false,true,16
2147,false,false,false,7
2148,false,false,false,25
2149,false,true,true,21
2150,false,false,false,0
2151,true,true,true,16
2152,true,true,false,18
2153,true,false,true,7
2154,true,false,false,12
2155,false,false,true,12
2156,false,true,false,18
2157,false,true,true,21
2158,true,true,true,21
2159,true,false,true,18
2160,true,true,true,12
2161,true,true,false,0
2162,true,true,true,7
2163,false,false,false,21
2164,true,false,false,18
2165,true,true,false,3
2166,true,false,false,18
2167,false,false,false,0
2168,true,false,true,0
2169,true,true,true,21
2170,true,false,false,3
2171,true,true,true,16
2172,true,false,true,7
2173,false,true,true,3
2174,false,false,false,18
2175,true,false,true,3
2176,true,true,false,0
2177,true,true,false,3
2178,true,false,true,25
2179,false,false,false,3
2180,false,true,true,18
2181,false,true,true,0
2182,false,false,false,3
2183,true,false,false,7
2184,false,true,true,16
2185,false,true,true,12
2186,false,false,true,21
2187,true,true,false,21
2188,false,false,true,12
2189,false,true,false,7
2190,true,true,true,21
2191,false,true,true,21
2192,true,true,false,25
2193,true,false,false,25
2194,false,false,true,25
2195,true,true,false,18
2196,true,true,true,16
2197,true,true,true,18
2198,false,true,false,18
2199,true,true,true,0
2200,false,false,false,7
2201,false,false,false,18
2202,false,false,true,18
2203,false,false,true,21
2204,true,true,false,18
2205,false,true,false,21
2206,true,false,true,0
2207,false,true,false,12
2208,true,false,true,18
2209,true,true,true,3
2210,false,false,true,3
2211,true,false,true,3
2212,false,true,true,25
2213,true,false,true,18
2214,false,false,true,18
2215,true,false,true,3
2216,false,false,false,12
2217,true,true,true,18
2218,true,true,false,18
2219,false,false,true,18
2220,false,false,true,21
2221,true,true,true,21
2222,false,true,false,16
2223,true,true,false,7
2224,true,false,false,0
2225,false,true,false,21
2226,true,true,false,18
2227,true,false,false,12
2228,true,true,true,3
2229,true,true,false,18
2230,false,true,false,12
2231,false,true,false,12
2232,false,true,false,12
2233,false,true,true,18
2234,false,true,false,21
2235,true,true,false,21
2236,false,true,true,18
2237,true,false,true,7
2238,true,true,true,3
2239,false,false,true,7
2240,true,true,true,21
2241,true,true,false,12
2242,true,false,false,12
2243,false,true,true,21
2244,false,true,true,7
2245,true,false,false,21
2246,false,true,true,21
2247,false,true,false,16
2248,false,true,false,7
2249,false,false,false,18
2250,false,true,false,25
2251,false,false,true,25
2252,false,true,true,25
2253,true,false,true,18
2254,false,true,true,7
2255,true,true,false,18
2256,false,true,true,3
2257,true,false,false,12
2258,true,true,true,12
2259,true,true,true,18
2260,false,false,true,21
2261,true,false,true,18
2262,false,false,true,18
2263,true,true,false,25
2264,false,false,true,18
2265,true,false,true,18
2266,true,false,true,18
2267,false,true,false,16
2268,false,true,true,16
2269,false,false,false,21
2270,true,true,true,0
2271,false,true,false,3
2272,false,false,false,7
2273,true,true,true,0
2274,true,false,true,21
2275,false,false,true,12
2276,true,false,true,16
2277,false,false,true,18
2278,true,false,false,0
2279,false,false,true,18
2280,true,false,true,12
2281,true,false,false,3
2282,true,false,true,0
2283,false,false,false,25
2284,false,true,false,16
2285,true,false,true,25
2286,false,false,true,3
2287,true,true,false,21
2288,true,true,true,25
2289,false,false,false,12
2290,true,true,true,18
2291,true,false,false,18
2292,true,true,true,21
2293,true,true,false,16
2294,false,true,false,18
2295,false,false,false,3
2296,true,false,false,21
2297,false,false,false,18
2298,true,false,false,21
2299,false,true,false,0
2300,false,false,false,21
2301,false,true,false,21
2302,false,true,false,21
2303,true,false,true,18
2304,true,true,true,21
2305,true,false,false,18
2306,true,true,false,25
2307,false,false,false,18
2308,false,true,false,7
2309,true,false,false,7
2310,false,false,false,18
2311,false,true,true,21
2312,false,true,false,18
2313,false,false,true,16
2314,false,true,false,7
2315,false,false,true,21
2316,true,false,true,18
2317,true,false,true,21
2318,true,true,false,25
2319,false,true,false,21
2320,true,false,true,21
2321,true,true,true,16
2322,true,true,false,3
2323,true,true,true,21
2324,false,true,true,25
2325,false,false,false,7
2326,false,true,false,18
2327,true,true,false,7
2328,false,true,true,16
2329,true,false,true,25
2330,true,true,true,7
2331,false,false,false,25
2332,true,true,true,7
2333,true,false,true,18
2334,false,true,false,18
2335,true,false,true,3
2336,true,false,true,7
2337,true,true,false,0
2338,false,true,true,21
2339,false,false,false,16
2340,true,false,false,18
2341,true,false,false,21
2342,true,true,false,0
2343,true,false,false,18
2344,true,true,false,21
2345,true,true,false,21
2346,false,true,false,16
2347,false,true,false,12
2348,false,true,true,12
2349,true,true,true,25
2350,true,false,false,21
2351,true,false,true,12
2352,false,true,false,18
2353,true,true,false,18
2354,false,true,true,18
2355,false,true,true,18
2356,true,true,false,21
2357,true,true,false,21
2358,false,true,false,21
2359,true,true,false,0
2360,true,true,false,7
2361,false,false,true,16
2362,false,true,false,7
2363,true,false,false,18
2364,false,true,false,18
2365,false,true,false,7
2366,true,true,true,18
2367,false,false,true,0
2368,false,true,false,18
2369,true,false,false,16
2370,true,false,true,16
2371,false,false,true,3
2372,false,false,false,25
2373,false,true,false,18
2374,false,false,true,3
2375,false,true,false,12
2376,false,false,true,25
2377,true,true,true,25
2378,true,true,true,18
2379,true,false,true,21
2380,false,true,false,7
2381,false,false,false,18
2382,false,true,false,18
2383,false,false,false,3
2384,false,true,true,18
2385,false,true,true,12
2386,false,true,true,18
2387,false,false,false,18
2388,false,false,true,0
2389,false,false,true,0
2390,false,true,true,18
2391,false,true,false,3
2392,true,false,true,18
2393,false,false,true,18
2394,true,true,false,7
2395,true,false,false,18
2396,true,true,true,21
2397,true,true,true,21
2398,false,true,false,3
2399,false,false,true,0
2400,false,true,false,16
2401,true,false,false,18
2402,true,false,true,3
2403,false,true,true,18
2404,false,true,true,12
2405,true,false,false,21
2406,false,true,false,18
2407,true,false,true,21
2408,false,true,false,3
2409,false,false,true,18
2410,false,false,false,7
2411,false,true,false,25
2412,true,false,false,16
2413,false,false,false,0
2414,false,false,true,21
2415,true,true,true,7
2416,true,true,false,18
2417,false,true,false,12
2418,false,true,true,25
2419,true,false,false,18
2420,false,true,true,18
2421,true,false,true,3
2422,true,false,false,7
2423,false,true,true,0
2424,true,false,false,12
2425,true,true,false,7
2426,false,true,false,21
2427,false,false,false,12
2428,true,true,false,18
2429,true,true,false,21
2430,true,false,true,16
2431,false,true,false,16
2432,true,true,true,18
2433,false,true,true,21
2434,true,false,false,3
2435,false,false,false,7
2436,true,true,true,18
2437,false,true,true,7
2438,false,false,false,25
2439,true,false,true,16
2440,true,false,true,3
2441,false,false,true,25
2442,false,false,true,18
2443,true,false,true,21
2444,false,true,true,25
2445,true,false,true,3
2446,true,false,true,7
2447,true,false,false,18
2448,true,false,false,12
2449,false,false,false,12
2450,false,false,false,3
2451,true,true,false,18
2452,true,true,false,18
2453,false,false,false,18
2454,false,true,false,3
2455,false,true,true,18
2456,true,true,false,25
2457,false,false,true,25
2458,false,false,true,18
2459,true,false,false,21
2460,false,false,false,7
2461,true,true,false,21
2462,false,false,false,12
2463,false,false,true,21
2464,false,true,false,12
2465,true,true,true,18
2466,true,true,false,3
2467,false,false,false,18
2468,false,false,true,7
2469,false,true,false,21
2470,false,false,true,25
2471,false,false,false,12
2472,false,false,true,18
2473,false,true,true,3
2474,true,false,true,18
2475,false,true,false,18
2476,true,true,false,3
2477,true,false,true,16
2478,true,false,false,18
2479,true,false,true,18
2480,false,true,true,0
2481,false,false,true,12
2482,false,true,true,3
2483,false,true,false,21
2484,false,true,true,18
2485,true,true,true,16
2486,false,false,false,0
2487,false,true,true,18
2488,false,false,true,0
2489,false,false,false,12
2490,true,true,false,16
2491,true,true,false,7
2492,true,true,false,18
2493,false,true,true,18
2494,false,false,true,21
2495,true,false,false,21
2496,true,false,false,0
2497,true,true,true,12
2498,true,false,false,0
2499,false,false,false,12
2500,false,false,true,18
2501,true,false,false,16
2502,true,true,false,18
2503,true,true,false,21
2504,false,true,true,18
2505,false,false,false,18
2506,true,true,false,16
2507,false,false,false,18
2508,true,false,false,12
2509,true,false,false,18
2510,true,false,true,25
2511,true,false,false,18
2512,false,true,false,18
2513,false,true,true,7
2514,true,true,true,3
2515,true,true,true,3
2516,false,false,true,3
2517,true,true,false,7
2518,false,true,true,18
2519,false,true,false,18
2520,false,true,true,16
2521,true,false,true,25
2522,true,true,true,7
2523,true,false,false,21
2524,true,false,false,7
2525,true,false,false,3
2526,false,false,false,21
2527,false,false,true,18
2528,true,true,false,12
2529,false,true,false,25
2530,false,false,false,3
2531,false,true,false,18
2532,false,false,true,18
2533,true,false,true,0
2534,false,true,false,3
2535,true,true,true,18
2536,true,true,false,18
2537,true,true,false,7
2538,true,false,true,21
2539,false,true,true,0
2540,false,false,false,7
2541,true,false,false,21
2542,false,false,true,21
2543,false,false,false,0
2544,false,false,true,18
2545,false,false,true,16
2546,true,true,false,7
2547,false,false,true,21
2548,true,false,false,21
2549,false,true,false,18
2550,false,false,false,7
2551,false,false,false,21
2552,false,false,false,7
2553,true,true,false,21
2554,true,false,true,7
2555,true,true,false,7
2556,false,false,true,21
2557,true,false,false,16
2558,true,false,true,18
2559,true,true,false,3
2560,false,false,false,12
2561,true,true,false,21
2562,true,true,true,21
2563,false,true,true,21
2564,false,true,true,21
2565,false,false,false,18
2566,false,false,true,18
2567,true,false,true,25
2568,true,true,false,21
2569,false,false,true,3
2570,false,false,false,18
2571,false,false,true,21
2572,true,false,true,25
2573,false,false,true,18
2574,true,true,false,16
2575,false,true,true,3
2576,false,true,false,3
2577,true,true,true,18
2578,false,true,true,21
2579,true,false,true,18
2580,false,true,false,7
2581,false,true,true,16
2582,false,true,false,12
2583,true,false,false,16
2584,false,true,false,0
2585,true,true,false,18
2586,false,false,true,18
2587,false,false,false,21
2588,true,true,false,25
2589,false,true,false,0
2590,false,true,false,7
2591,true,false,true,25
2592,false,true,true,7
2593,true,true,false,18
2594,true,true,false,25
2595,false,true,false,21
2596,true,true,true,7
2597,true,true,true,16
2598,true,true,true,25
2599,false,false,true,21
2600,false,true,true,18
2601,true,false,true,21
2602,true,true,true,16
2603,false,false,true,18
2604,true,true,false,25
2605,true,false,true,3
2606,false,false,true,16
2607,false,true,true,25
2608,false,true,true,16
2609,false,true,true,12
2610,true,true,false,3
2611,true,false,true,0
2612,false,false,true,0
2613,false,false,false,12
2614,true,false,true,21
2615,false,false,true,18
2616,false,false,false,7
2617,true,true,true,7
2618,true,false,true,18
2619,false,false,true,25
2620,false,false,false,18
2621,true,true,false,18
2622,true,false,true,25
2623,true,false,false,3
2624,true,false,true,7
2625,false,false,true,18
2626,false,true,false,21
2627,false,false,true,21
2628,true,false,true,7
2629,true,true,true,16
2630,true,true,false,18
2631,false,false,false,25
2632,false,false,true,21
2633,true,true,true,18
2634,false,true,false,16
2635,true,false,false,21
2636,false,true,false,12
2637,true,false,true,21
2638,false,true,true,21
2639,false,false,true,7
2640,false,false,false,0
2641,false,false,true,18
2642,true,false,true,3
2643,false,false,true,3
2644,true,false,true,16
2645,false,false,false,3
2646,true,false,true,0
2647,false,true,false,21
2648,false,false,true,21
2649,true,true,false,21
2650,false,false,false,16
2651,true,false,false,18
2652,false,true,true,0
2653,true,false,false,12
2654,true,false,false,0
2655,false,true,false,7
2656,false,false,true,12
2657,true,false,true,21
2658,true,false,true,18
2659,true,false,false,12
2660,false,true,false,18
2661,false,true,true,3
2662,true,true,false,18
2663,false,false,true,18
2664,true,true,true,21
2665,false,false,false,18
2666,false,false,false,21
2667,false,false,true,21
2668,true,true,false,18
2669,false,true,false,18
2670,false,true,false,18
2671,false,false,false,7
2672,false,false,true,0
2673,true,false,true,25
2674,true,true,true,0
2675,true,false,false,18
2676,false,true,false,12
2677,true,false,true,16
2678,true,false,false,16
2679,true,false,false,18
2680,false,false,false,25
2681,true,false,false,21
2682,true,false,false,21
2683,false,true,false,25
2684,true,true,true,12
2685,true,true,true,12
2686,false,true,true,21
2687,true,true,false,16
2688,true,false,false,18
2689,true,true,true,18
2690,false,false,false,21
2691,true,true,true,18
2692,false,true,true,16
2693,true,true,true,18
2694,true,false,false,12
2695,false,true,true,18
2696,true,false,true,3
2697,false,true,false,18
2698,true,true,false,16
2699,true,false,false,21
2700,false,false,true,0
2701,false,true,false,12
2702,true,true,false,25
2703,true,false,false,7
2704,false,true,false,12
2705,false,false,false,12
2706,false,false,true,0
2707,true,true,true,12
2708,false,true,true,0
2709,false,true,false,12
2710,false,false,true,25
2711,false,false,true,0
2712,false,true,true,21
2713,false,true,true,21
2714,false,false,false,21
2715,true,true,true,18
2716,false,true,false,3
2717,true,true,true,16
2718,false,false,true,0
2719,false,false,false,18
2720,false,true,false,16
2721,true,true,true,7
2722,true,false,true,0
2723,false,true,true,25
2724,true,true,true,21
2725,true,false,false,18
2726,true,false,true,16
2727,true,true,false,7
2728,false,false,true,18
2729,true,true,false,12
2730,false,false,false,18
2731,false,true,true,21
2732,true,true,true,16
2733,true,false,true,12
2734,false,false,true,16
2735,false,true,false,3
2736,true,false,false,18
2737,true,false,true,18
2738,true,true,true,12
2739,false,true,false,21
2740,false,false,true,18
2741,true,true,false,16
2742,true,false,true,0
2743,false,true,true,12
2744,true,true,false,18
2745,true,false,false,18
2746,false,true,false,25
2747,false,true,false,21
2748,true,false,false,16
2749,true,true,true,18
2750,true,false,false,25
2751,true,true,false,16
2752,false,true,false,12
2753,true,false,false,0
2754,false,true,true,18
2755,false,false,true,21
2756,true,false,true,3
2757,false,true,false,18
2758,true,true,false,18
2759,false,false,true,3
2760,false,false,true,18
2761,false,false,false,21
2762,false,true,false,18
2763,false,true,true,12
2764,false,true,true,12
2765,false,true,true,16
2766,false,true,false,18
2767,true,false,false,0
2768,true,false,true,18
2769,true,false,true,21
2770,true,true,false,21
2771,true,false,false,21
2772,false,false,false,3
2773,false,true,true,21
2774,true,false,true,21
2775,false,true,true,0
2776,true,false,false,18
2777,true,true,true,18
2778,true,false,true,18
2779,false,true,false,21
2780,true,true,true,18
2781,false,true,true,21
2782,false,false,false,18
2783,false,true,false,3
2784,false,true,false,3
2785,true,false,true,0
2786,true,true,true,18
2787,false,true,true,21
2788,true,true,true,3
2789,false,true,true,21
2790,false,false,true,0
2791,true,false,true,0
2792,true,true,true,0
2793,false,true,false,7
2794,false,false,true,25
2795,false,true,false,21
2796,true,false,true,3
2797,true,true,false,25
2798,false,true,true,21
2799,true,false,false,18
2800,false,false,true,18
2801,true,false,true,3
2802,false,true,false,21
2803,true,true,true,25
2804,false,false,false,0
2805,false,false,false,16
2806,true,false,false,21
2807,true,true,true,18
2808,true,true,true,18
2809,false,false,true,21
2810,false,false,false,18
2811,true,false,true,12
2812,false,true,true,16
2813,true,true,true,21
2814,true,true,false,18
2815,true,true,false,0
2816,true,false,false,21
2817,true,true,false,18
2818,false,false,false,12
2819,false,false,false,12
2820,false,true,false,18
2821,false,false,true,12
2822,false,false,true,21
2823,true,false,true,21
2824,true,true,false,18
2825,false,true,false,25
2826,false,true,false,21
2827,true,true,false,18
2828,true,false,true,7
2829,false,false,true,18
2830,false,false,true,16
2831,true,false,true,3
2832,true,false,true,18
2833,false,true,true,21
2834,true,false,false,21
2835,true,false,true,18
2836,false,true,true,16
2837,false,false,true,18
2838,true,true,false,21
2839,false,true,true,7
2840,true,true,true,12
2841,true,true,false,0
2842,true,false,false,21
2843,true,true,true,18
2844,false,true,true,16
2845,false,true,true,0
2846,true,true,false,12
2847,true,true,false,16
2848,true,false,false,12
2849,true,true,false,12
2850,false,false,false,18
2851,true,true,false,7
2852,false,true,true,3
2853,false,false,true,0
2854,false,false,false,18
2855,true,true,true,7
2856,true,true,false,21
2857,true,true,false,18
2858,false,false,false,16
2859,true,false,false,21
2860,false,false,true,18
2861,true,true,false,21
2862,false,false,false,18
2863,true,false,false,18
2864,true,true,true,0
2865,true,false,true,21
2866,false,false,false,18
2867,false,false,false,21
2868,false,true,true,12
2869,true,false,true,25
2870,false,true,true,16
2871,true,true,false,18
2872,false,true,false,0
2873,false,false,false,7
2874,true,false,true,12
2875,false,true,false,3
2876,true,false,false,21
2877,false,true,false,18
2878,false,false,false,21
2879,false,false,true,25
2880,false,false,false,0
2881,true,false,false,12
2882,false,true,true,18
2883,true,true,true,0
2884,false,false,false,18
2885,false,true,false,18
2886,true,false,true,21
2887,false,false,false,0
2888,true,true,true,7
2889,true,false,false,3
2890,false,true,true,7
2891,true,false,true,7
2892,false,false,true,21
2893,true,true,true,18
2894,false,false,true,18
2895,false,true,true,18
2896,true,true,false,0
2897,true,false,true,0
2898,false,true,false,18
2899,true,false,false,16
2900,false,false,true,25
2901,true,false,true,12
2902,false,false,false,12
2903,false,false,false,25
2904,false,false,true,21
2905,true,true,true,25
2906,false,false,true,16
2907,true,true,true,18
2908,false,false,true,18
2909,false,false,false,16
2910,true,true,false,7
2911,false,true,true,21
2912,false,false,true,7
2913,false,false,false,0
2914,false,true,false,3
2915,true,true,false,0
2916,true,true,true,18
2917,false,false,true,16
2918,true,false,false,12
2919,false,false,false,21
2920,true,true,false,0
2921,false,true,true,18
2922,false,false,true,0
2923,false,false,true,18
2924,false,true,true,18
2925,true,true,true,21
2926,false,true,false,18
2927,false,true,false,3
2928,false,true,true,18
2929,true,false,false,7
2930,true,true,false,3
2931,true,false,true,0
2932,true,false,true,18
2933,false,false,false,12
2934,false,false,true,18
2935,false,false,true,18
2936,true,false,true,21
2937,true,false,false,21
2938,true,true,true,16
2939,true,true,false,25
2940,true,false,false,3
2941,true,true,true,12
2942,false,true,false,21
2943,true,false,true,21
2944,false,false,true,25
2945,true,true,false,7
2946,false,true,false,12
2947,true,true,false,16
2948,true,true,true,18
2949,true,true,false,18
2950,false,false,false,21
2951,true,false,false,25
2952,false,true,false,18
2953,false,true,false,21
2954,true,true,true,3
2955,false,false,false,25
2956,false,true,false,21
2957,false,false,false,0
2958,false,true,true,21
2959,true,true,true,12
2960,true,false,false,18
2961,false,true,false,21
2962,true,true,true,21
2963,false,true,true,21
2964,false,true,false,18
2965,true,false,true,18
2966,true,false,true,0
2967,false,false,false,18
2968,false,true,false,7
2969,false,false,true,25
2970,true,false,false,21
2971,false,false,true,3
2972,false,true,true,12
2973,false,true,false,21
2974,true,false,false,0
2975,true,true,true,3
2976,false,true,false,3
2977,false,false,true,21
2978,true,true,false,18
2979,true,true,false,16
2980,false,true,true,18
2981,false,true,true,21
2982,false,true,false,16
2983,true,false,true,12
2984,true,false,false,21
2985,false,false,false,0
2986,true,true,true,3
2987,false,false,true,25
2988,true,false,true,7
2989,false,true,false,21
2990,true,true,true,21
2991,false,true,false,16
2992,true,true,false,3
2993,true,true,false,21
2994,false,true,true,7
2995,true,true,false,25
2996,true,true,true,0
2997,true,false,true,21
2998,false,true,false,7
2999,true,false,false,3
3000,true,true,false,25
